<?xml version="1.0" encoding="UTF-8" ?>
<document>
<!--The data in this file is primarily intended for consumption by Xilinx tools.
The structure and the elements are likely to change over the next few releases.
This means code written to parse this file will need to be revisited each subsequent release.-->
<application name="pa" timeStamp="Tue Aug 16 15:24:40 2016">
<section name="Project Information" visible="false">
<property name="ProjectID" value="4fd23d1f380341b080f43f43f09e6521" type="ProjectID"/>
<property name="ProjectIteration" value="4" type="ProjectIteration"/>
</section>
<section name="PlanAhead Usage" visible="true">
<item name="Project Data">
<property name="SrcSetCount" value="1" type="SrcSetCount"/>
<property name="ConstraintSetCount" value="1" type="ConstraintSetCount"/>
<property name="DesignMode" value="RTL" type="DesignMode"/>
<property name="SynthesisStrategy" value="Vivado Synthesis Defaults" type="SynthesisStrategy"/>
<property name="ImplStrategy" value="Vivado Implementation Defaults" type="ImplStrategy"/>
</item>
<item name="Java Command Handlers">
<property name="AddSources" value="8" type="JavaHandler"/>
<property name="NewFile" value="1" type="JavaHandler"/>
<property name="NewProject" value="1" type="JavaHandler"/>
<property name="ProjectSettingsCmdHandler" value="3" type="JavaHandler"/>
<property name="RunImplementation" value="5" type="JavaHandler"/>
<property name="RunSynthesis" value="4" type="JavaHandler"/>
<property name="ShowView" value="6" type="JavaHandler"/>
<property name="SimulationClose" value="19" type="JavaHandler"/>
<property name="SimulationRestart" value="2" type="JavaHandler"/>
<property name="SimulationRun" value="22" type="JavaHandler"/>
<property name="SimulationRunAll" value="3" type="JavaHandler"/>
<property name="SimulationRunForTime" value="22" type="JavaHandler"/>
<property name="ViewTaskProjectManager" value="1" type="JavaHandler"/>
<property name="WaveformNewConfiguration" value="1" type="JavaHandler"/>
</item>
<item name="Gui Resources Info">
<property name="PAResourceAtoD.AbstractFileView_READ_ONLY, C:/Users/anura/AWGN/AWGN.runs/synth_1/lzd_32b.vds" value="1" type="GuiResourceData"/>
<property name="PAResourceCommand.PACommandNames_AUTO_UPDATE_HIER, Hierarchy Update" value="3" type="GuiResourceData"/>
<property name="PAResourceCommand.PACommandNames_SIMULATION_CLOSE, Close Simulation" value="1" type="GuiResourceData"/>
<property name="PAResourceCommand.PACommandNames_SIMULATION_RUN_BEHAVIORAL, Run Behavioral Simulation" value="1" type="GuiResourceData"/>
<property name="PAResourceEtoH.ExpReportTreePanel_EXP_REPORT_TREE_TABLE, Timing Summary Report ;  ;  ; , 4, Timing Summary Report, 0, false" value="1" type="GuiResourceData"/>
<property name="PAResourceEtoH.ExpReportTreePanel_EXP_REPORT_TREE_TABLE, Vivado Synthesis Report ; Tue Aug 16 14:45:00 PDT 2016 ; 18536 ; , 1, Vivado Synthesis Report, 0, false" value="2" type="GuiResourceData"/>
<property name="PAResourceEtoH.ExpReportTreePanel_EXP_REPORT_TREE_TABLE, Vivado Synthesis Report ; Tue Aug 16 14:45:00 PDT 2016 ; 18536 ; , 1, Vivado Synthesis Report, 0, false, false, false, false, false, true" value="1" type="GuiResourceData"/>
<property name="PAResourceEtoH.ExpReportTreePanel_EXP_REPORT_TREE_TABLE, Vivado Synthesis Report ; Tue Aug 16 14:45:00 PDT 2016 ; 18536 ; , 1, Vivado Synthesis Report, 0, false, false, false, false, true, false" value="1" type="GuiResourceData"/>
<property name="PAResourceEtoH.ExpReportTreePanel_OPEN_REPORT, Open Vivado Synthesis Report" value="1" type="GuiResourceData"/>
<property name="PAResourceEtoH.FileSetPanel_FILE_SET_PANEL_TREE, [root, Design Sources, tausworthe_URNG (tausworthe_URNG.v" value="2" type="GuiResourceData"/>
<property name="PAResourceEtoH.FileSetPanel_FILE_SET_PANEL_TREE, [root, Simulation Sources, sim_1, tb_lzd_32 (tb_lzd_32.sv" value="1" type="GuiResourceData"/>
<property name="PAResourceEtoH.FlowNavigatorTreePanel_FLOW_NAVIGATOR_TREE, [, Simulation, Run Simulation], 11, false" value="2" type="GuiResourceData"/>
<property name="PAResourceEtoH.FlowNavigatorTreePanel_FLOW_NAVIGATOR_TREE, [, Synthesis, Run Synthesis], 17, false" value="1" type="GuiResourceData"/>
<property name="PAResourceItoN.MainMenuMgr_FILE, File" value="2" type="GuiResourceData"/>
<property name="PAResourceOtoP.PAViews_CODE, Code" value="4" type="GuiResourceData"/>
<property name="PAResourceOtoP.PAViews_PAR_REPORT, PAR Report" value="1" type="GuiResourceData"/>
<property name="PAResourceQtoS.SrcMenu_IP_HIERARCHY, IP Hierarchy" value="2" type="GuiResourceData"/>
<property name="RDIResource.BaseDialog_OK, OK" value="3" type="GuiResourceData"/>
<property name="RDIResource.HCodeEditor_SEARCH_TEXT_COMBO_BOX, (String" value="1" type="GuiResourceData"/>
<property name="RDIResource.HCodeEditor_SEARCH_TEXT_COMBO_BOX, lzd, true" value="1" type="GuiResourceData"/>
<property name="RDIResource.HCodeEditor_SEARCH_TEXT_COMBO_BOX, taus, true" value="1" type="GuiResourceData"/>
<property name="Vivado Synthesis Report - synth_1, 288, 215" value="1" type="GuiResourceData"/>
<property name="Vivado Synthesis Report - synth_1, 319, 89" value="1" type="GuiResourceData"/>
<property name="tausworthe_URNG.v, 312, 132" value="1" type="GuiResourceData"/>
<property name="tb_lzd_32.sv, 155, 27" value="1" type="GuiResourceData"/>
<property name="tb_lzd_32.sv, 219, 139" value="1" type="GuiResourceData"/>
</item>
<item name="Other">
<property name="GuiMode" value="2" type="GuiMode"/>
<property name="BatchMode" value="0" type="BatchMode"/>
<property name="TclMode" value="0" type="TclMode"/>
</item>
</section>
</application>
</document>
